Time code,PV_Output (kw) ,Load (kw) ,System price (yen / kWhalfhour)
1,0,292.072924,3.615
2,0,286.592761,3.585
3,0,267.416542,3.49
4,0,263.995714,3.48
5,0,261.543744,3.45
6,0,271.404546,3.44
7,0,282.805628,3.49
8,0,279.000744,3.41
9,0,277.861595,3.48
10,0,280.883292,3.49
11,3.264157,288.887982,3.42
12,49.291949,281.96193,3.38
13,173.552007,277.662548,3.27
14,349.702302,256.820253,3.07
15,547.30523,273.721791,2.455
16,752.55277,274.763236,2.37
17,939.77578,296.506042,2.015
18,1093.6144,312.137412,1.69
19,1219.1712,287.593391,1.65
20,1321.61858,289.878434,0.5
21,1405.72991,267.691099,0.495
22,1494.85088,263.37781,0.09
23,1507.47495,251.01847,0.25
24,1520.4373,244.52611,0.25
25,1488.7092,254.25807,0.49
26,1471.8998,256.97896,0.5
27,1417.5381,248.20341,0.5
28,1318.24522,245.805124,0.5
29,1232.52092,229.898939,1.65
30,1079.41157,228.5673,2.115
31,904.88822,230.07624,2.405
32,742.28343,228.237938,2.495
33,561.6066,229.54632,3.125
34,374.0949,232.77157,3.415
35,211.179477,243.627716,3.62
36,90.354979,263.068612,4.1
37,15.977946,289.001731,4.715
38,0.650648,350.951629,4.765
39,0.030933,365.342424,4.765
40,0,380.84897,4.765
41,0,380.112522,4.73
42,0,356.587816,4.73
43,0,362.099586,4.635
44,0,377.062125,4.3
45,0,334.617284,4.2
46,0,346.471927,4.155
47,0,333.510703,3.635
48,0,314.85917,3.605
1,0,303.135574,3.84
2,0,281.32314,3.55
3,0,261.789101,3.34
4,0,261.595997,3.34
5,0,251.468533,3.46
6,0,267.88753,3.425
7,0,286.603434,3.555
8,0,295.44119,3.555
9,0,296.568843,3.57
10,0,298.783411,3.57
11,2.894357,290.48631,3.535
12,59.99737,280.489963,3.54
13,178.040071,265.825859,3.305
14,347.837132,241.290291,3.075
15,537.91654,236.974506,2.49
16,730.53709,274.714323,2.41
17,915.86678,282.719605,2.105
18,1070.48716,305.74473,2.135
19,1210.94096,309.437479,2.095
20,1310.43672,290.288754,1.65
21,1388.14997,272.714526,0.595
22,1442.037403,272.781891,0.5
23,1453.588,259.761754,0.5
24,1489.68944,263.581115,0.5
25,1506.67155,280.037376,0.595
26,1452.59447,256.77995,0.595
27,1384.11979,255.96357,1.675
28,1246.85203,246.99959,2.02
29,1109.23229,243.248625,2.185
30,985.33503,234.66659,2.305
31,961.52767,239.36473,2.43
32,730.61696,228.41937,2.6
33,546.30655,226.247519,3.17
34,397.47938,241.48383,3.35
35,165.388261,256.732565,3.62
36,110.780703,268.954051,3.715
37,44.528018,285.726407,4.74
38,0.534738,341.047407,4.74
39,0.00807,378.296601,4.785
40,0,376.791681,4.74
41,0,371.80477,4.72
42,0,371.479093,4.68
43,0,363.927136,4.2
44,0,354.837441,3.84
45,0,353.068924,3.64
46,0,350.559922,3.63
47,0,333.930383,3.56
48,0,317.624438,3.525
1,0,303.8453,3.475
2,0,290.99105,3.32
3,0,268.885276,3.26
4,0,267.061702,3.26
5,0,248.255424,3.265
6,0,265.807041,3.265
7,0,279.29145,3.325
8,0,283.419995,3.34
9,0,274.094254,3.34
10,0,275.749901,3.3
11,0.08709,276.602757,3.27
12,5.169852,270.438412,3.19
13,15.125158,243.708169,2.99
14,10.108808,250.426148,2.69
15,18.283312,244.763998,2.545
16,106.077999,260.641084,2.555
17,89.01031,295.473069,2.605
18,93.246555,311.729536,2.815
19,264.84437,333.809258,2.71
20,101.77942,316.181305,2.45
21,353.42996,333.094774,2.395
22,158.123137,306.18535,2.36
23,22.887014,308.611989,2.225
24,259.36743,313.655176,2.325
25,246.23648,311.892298,2.185
26,172.974915,314.303881,2.185
27,114.127147,318.070507,2.37
28,122.317267,293.246975,2.45
29,104.021737,304.091641,2.59
30,78.943194,310.652038,3.075
31,52.872795,303.436419,3.335
32,60.013459,300.044186,3.375
33,96.109923,289.811548,3.675
34,53.946882,300.945896,4.2
35,32.265035,336.268907,4.705
36,10.505162,380.61828,4.705
37,4.296347,440.038214,4.92
38,0.055142,465.621211,4.92
39,0.014794,469.694848,5.02
40,0,451.05476,4.92
41,0,438.433407,4.82
42,0,433.484945,4.82
43,0,419.632911,4.68
44,0,409.856124,4.51
45,0,383.161119,3.7
46,0,366.45533,3.57
47,0,344.903233,3.525
48,0,343.953934,3.525
1,0,319.766607,3.585
2,0,288.375018,3.535
3,0,273.277843,3.465
4,0,274.265518,3.465
5,0,264.31137,3.475
6,0,258.541597,3.545
7,0,283.907107,3.575
8,0,291.62185,3.62
9,0,299.325597,3.62
10,0,289.929568,3.62
11,0.063915,284.90681,3.74
12,6.54107,327.747189,3.62
13,36.745991,329.931466,3.57
14,69.940131,351.283551,3.43
15,164.627587,381.036251,3.34
16,182.43521,362.911779,3.465
17,336.11584,336.511319,3.505
18,472.69755,324.559009,3.57
19,870.83834,288.138183,3.355
20,620.62825,264.315666,3.355
21,1398.48141,245.313135,3.075
22,1046.82627,228.332155,2.895
23,1105.98075,221.796839,2.595
24,1513.34678,222.812132,2.595
25,987.13627,225.956562,2.365
26,1250.63664,242.236021,2.23
27,1358.47304,236.7887,3.075
28,1310.88223,244.960451,3.305
29,1362.99975,232.264664,3.435
30,845.0128,237.981746,3.585
31,1130.80073,227.490208,4.205
32,798.46109,230.226781,4.205
33,616.10297,215.459497,4.665
34,404.82432,235.008031,4.665
35,205.570993,255.136262,4.81
36,91.541659,286.627803,5.01
37,19.039292,325.63471,5.045
38,1.169134,397.469777,5.085
39,0.037658,447.708231,5.045
40,0,447.550587,5.015
41,0,431.699544,4.865
42,0,409.884333,4.865
43,0,428.858974,4.8
44,0,406.471711,4.77
45,0,389.389216,4.73
46,0,375.117911,4.73
47,0,344.782065,4.51
48,0,330.113189,4.48
1,0,315.051431,3.7
2,0,288.902116,3.57
3,0,282.396542,3.745
4,0,265.143919,3.63
5,0,256.969427,3.58
6,0,272.622944,3.62
7,0,280.328782,3.75
8,0,292.403998,3.79
9,0,292.330026,4.05
10,0,294.603147,4.05
11,5.899057,304.901177,4.05
12,59.128265,315.774855,4.41
13,180.898143,335.098567,3.63
14,342.120995,357.814435,3.63
15,529.23831,358.46011,3.29
16,720.48748,338.122014,3.34
17,906.83731,311.067962,2.78
18,1057.63752,289.847302,2.88
19,1192.18451,255.078157,2.835
20,1299.8546,239.38462,2.8
21,1374.16566,225.1511,2.895
22,1424.42093,220.35547,2.9
23,1449.49092,206.959475,2.9
24,1461.19626,225.223694,2.835
25,1454.64781,234.776514,2.66
26,1424.26126,241.343996,2.66
27,1316.1302,246.738631,2.835
28,1254.05274,245.926271,3.09
29,1107.81887,222.53515,3.325
30,990.10246,228.95073,3.39
31,823.61766,234.404215,3.52
32,664.43881,224.162689,3.58
33,490.51421,215.53901,4.385
34,315.25004,231.988859,4.385
35,190.764514,253.903271,4.795
36,81.126574,289.324254,4.8
37,21.438215,336.863393,5.09
38,0.943713,395.506354,5.305
39,0.263605,431.89562,5.185
40,0,439.670938,5.07
41,0,407.332007,4.91
42,0,389.053285,4.735
43,0,417.744327,4.61
44,0,400.799392,4.51
45,0,382.510282,4.37
46,0,357.400283,4.175
47,0,341.219018,4.175
48,0,327.663993,4.175
1,0,312.195929,4.175
2,0,284.572747,3.71
3,0,255.388874,3.57
4,0,244.904131,3.425
5,0,252.481261,3.58
6,0,255.30998,3.63
7,0,274.394227,3.845
8,0,291.365811,3.89
9,0,297.096662,3.895
10,0,291.625072,3.84
11,4.02601,300.440068,3.835
12,48.841936,299.182564,3.635
13,153.390593,315.359504,3.63
14,290.45966,345.306546,3.63
15,436.84753,357.370265,3.6
16,591.90128,314.887158,3.6
17,784.22693,297.131827,3.56
18,949.53788,277.676974,3.605
19,1104.29477,255.874662,4.175
20,1224.00627,233.380676,4.175
21,1286.95164,237.96677,4.175
22,1371.41977,223.527995,4.175
23,1412.17713,229.122739,4.165
24,1410.78022,235.645501,4.115
25,1401.99956,244.35125,3.555
26,1348.56931,240.803534,3.555
27,1242.91141,241.48504,4.175
28,1216.57695,241.77176,4.535
29,1116.50506,245.83589,4.645
30,945.31368,235.575425,4.67
31,841.85287,255.952804,4.605
32,583.85244,228.93748,4.665
33,410.42501,233.38624,4.8
34,296.36178,247.62213,4.925
35,97.54809,137.425956,4.98
36,64.906813,294.96339,5.015
37,18.740898,329.73398,5.2
38,0.483237,399.2935,5.71
39,0.006725,440.954054,5.71
40,0,438.857434,5.135
41,0,405.453103,4.915
42,0,411.342491,4.875
43,0,409.921271,4.8
44,0,405.353499,4.725
45,0,379.790684,4.685
46,0,364.347094,4.59
47,0,343.470575,4.175
48,0,343.610842,4.385
1,0,315.079465,3.775
2,0,303.404345,3.58
3,0,266.729523,3.5
4,0,262.090925,3.5
5,0,262.650189,3.575
6,0,275.256519,3.575
7,0,282.525508,3.75
8,0,291.368701,3.815
9,0,283.411846,3.88
10,0,282.649581,3.88
11,3.360211,286.452608,3.63
12,30.156507,305.598939,3.575
13,87.402293,304.042931,3.54
14,198.379539,331.714288,3.54
15,271.24311,351.486889,3.405
16,311.05778,319.21362,3.43
17,390.77864,293.767886,3.32
18,390.86067,274.612255,3.49
19,181.60901,247.065418,3.505
20,561.8022,251.140498,3.505
21,1412.7153,235.153267,3.485
22,1024.16052,228.232871,3.485
23,901.45429,218.291933,3.575
24,830.16259,215.026681,3.57
25,1112.42055,241.108785,3.385
26,682.05431,248.680731,3.385
27,424.8018,235.306909,4.175
28,407.28308,231.323084,4.2
29,408.12214,223.254881,4.175
30,429.49937,232.284822,4.175
31,54.18863,16.57752,4.3
32,98.295593,232.877707,4.61
33,2.163539,229.215546,4.8
34,1.05035,278.149273,4.865
35,0.858253,319.804833,4.8
36,26.360261,341.629381,4.875
37,11.966454,398.944384,4.985
38,0.242107,427.371641,5.025
39,0.103559,437.696462,5.245
40,0,443.155814,4.97
41,0,434.794465,4.8
42,0,424.1464,4.765
43,0,410.262891,4.65
44,0,403.045735,4.175
45,0,370.677495,4.715
46,0,360.995119,4.64
47,0,350.1228,3.965
48,0,348.978283,3.805
1,0,332.984504,3.58
2,0,294.52885,3.38
3,0,289.789354,3.35
4,0,279.087839,3.35
5,0,290.642502,3.555
6,0,292.534698,3.61
7,0,295.553961,3.63
8,0,295.678939,3.815
9,0,299.52051,3.67
10,0,298.332648,3.67
11,3.358169,310.764187,3.72
12,41.035026,343.058045,3.825
13,175.829034,345.53157,3.48
14,369.283551,385.538897,3.395
15,278.291155,388.084832,3.255
16,664.17649,361.145992,3.195
17,1013.20853,324.188476,3.085
18,1201.640918,304.905344,3.085
19,1362.01901,277.026568,3.06
20,1323.2322,258.23098,2.79
21,1583.43997,252.243476,2.83
22,1626.18941,239.901208,2.51
23,1607.16598,237.335177,2.505
24,1631.78471,229.723889,2.505
25,1579.1033,236.171365,2.505
26,1505.46337,230.850826,2.505
27,1497.06582,235.426416,2.785
28,1425.86539,234.774195,3.03
29,1337.65709,226.250066,3.155
30,1211.1472,241.725984,3.35
31,1062.50805,245.22443,3.35
32,848.62372,212.988937,3.705
33,656.38137,218.757463,3.765
34,443.53379,228.340217,3.79
35,237.155021,252.630519,3.965
36,113.383482,280.343054,4.1
37,28.393884,310.650973,4.73
38,1.639064,408.037998,4.78
39,0.098179,460.5222,4.78
40,0,453.180514,4.78
41,0,459.913414,4.715
42,0,421.198079,4.41
43,0,427.48048,4.3
44,0,424.313438,4.175
45,0,412.776279,4
46,0,389.86314,3.84
47,0,366.598184,3.61
48,0,363.243034,3.6
1,0,361.883544,3.73
2,0,323.259545,3.61
3,0,293.434289,3.405
4,0,267.899798,3.405
5,0,283.561386,3.555
6,0,284.701915,3.615
7,0,288.257842,3.68
8,0,301.512255,3.68
9,0,313.880009,3.635
10,0,319.722533,3.615
11,10.135992,321.780967,3.495
12,64.034985,321.890411,3.34
13,228.774296,307.861202,3.09
14,413.890933,290.667683,2.955
15,619.97425,312.093935,2.51
16,800.9061,312.134002,2.49
17,926.75242,314.206648,2.465
18,1146.02279,345.609156,2.425
19,1280.30463,327.554871,2.415
20,1365.49998,312.678536,2.395
21,1449.7623,297.064164,2.17
22,1637.10562,278.23809,1.925
23,1459.41962,269.481229,2.165
24,1247.74503,266.124081,2.225
25,934.75612,268.456598,2.365
26,595.22212,282.108875,2.385
27,1482.53422,274.166782,2.425
28,1346.39201,247.786515,2.49
29,916.15183,248.895882,2.49
30,1305.92954,236.959586,2.51
31,410.2701,237.929562,2.53
32,752.24389,225.478087,2.88
33,688.34363,235.93617,2.93
34,418.44453,233.497656,2.8
35,342.27206,239.301085,3.535
36,60.983887,273.907766,3.695
37,35.801862,302.31413,4.67
38,1.46728,335.910752,4.74
39,0.048417,408.212802,4.74
40,0.00538,389.94317,4.685
41,0,381.285174,4.675
42,0,388.308266,4.67
43,0,390.090086,3.965
44,0,400.264188,3.965
45,0,372.93396,3.79
46,0,363.069554,3.64
47,0,357.861405,3.61
48,0,343.163216,3.735
1,0,431.367586,2.945
2,0,420.869417,2.58
3,0,390.548885,2.53
4,0,383.653092,2.53
5,0,385.358362,2.53
6,0,399.878433,2.53
7,0,392.48839,2.53
8,0,386.850259,2.53
9,0,387.135617,2.53
10,0,392.941706,2.53
11,0,434.312997,2.265
12,0.031815,456.404197,2.53
13,29.082137,510.592141,2.53
14,164.812409,555.287342,2.53
15,391.167915,586.320994,2.58
16,605.62659,532.555629,2.87
17,826.80465,440.131809,3.195
18,1021.01283,398.537573,3.245
19,1201.27103,364.817779,3.22
20,1349.04317,311.068862,3.18
21,1499.216,279.866779,3.08
22,1537.6121,253.226449,3.08
23,1583.2243,256.489288,3.105
24,1577.5477,246.634812,3.105
25,1574.7458,265.059405,2.87
26,1543.1779,270.672902,2.695
27,1467.43774,266.047733,3.155
28,1387.87438,244.390282,3.175
29,1244.8148,240.434829,3.175
30,1078.31244,238.206688,3.215
31,908.98568,236.397248,3.155
32,720.656704,225.826365,3.255
33,285.05703,228.822948,3.29
34,231.494185,240.222276,3.235
35,88.809141,279.849181,2.58
36,23.440931,335.342943,2.58
37,0.266996,414.071355,2.58
38,0.049762,494.600427,2.585
39,0,531.257946,2.87
40,0,529.647293,2.58
41,0,512.317196,2.53
42,0.00538,507.782204,2.53
43,0,503.590404,2.53
44,0,491.537561,2.53
45,0,483.54765,2.87
46,0,467.953143,2.58
47,0,447.336381,2.83
48,0,446.747421,2.58
1,0,393.232026,2.99
2,0,366.106302,2.58
3,0,336.75869,2.53
4,0,335.584328,2.53
5,0,330.070377,2.53
6,0,323.72586,2.53
7,0,332.86908,2.53
8,0,346.946121,2.325
9,0,345.786855,2.53
10,0,340.954573,2.53
11,0,370.662601,2.53
12,0,398.107055,2.53
13,11.94978,440.332765,2.53
14,135.131605,445.313999,2.53
15,314.59929,480.481258,2.58
16,496.18444,404.763639,2.875
17,736.45897,386.792432,2.63
18,412.0746,344.825451,2.875
19,967.78207,339.321789,2.925
20,1192.37007,293.063249,2.875
21,1324.95908,272.941681,2.735
22,1413.42982,259.072473,2.58
23,1377.03659,248.442524,2.58
24,1511.00607,253.771197,2.58
25,1680.48575,255.285672,2.265
26,1647.6615,267.180033,2.16
27,1512.932,259.585401,2.58
28,1034.0295,264.844079,2.67
29,1368.66603,245.20378,2.875
30,1234.34029,248.000018,2.99
31,177.889811,233.913216,2.99
32,739.61276,232.66484,3.21
33,560.032326,229.292157,3.325
34,366.909302,237.163983,3.4
35,173.233453,263.925307,3.595
36,34.421984,304.524589,4.2
37,0.468485,362.928237,4.25
38,0.094144,452.066006,4.37
39,0,461.551946,4.27
40,0,434.102969,4.27
41,0,449.300191,3.42
42,0,450.524299,3.42
43,0,455.370202,3.245
44,0,437.136811,3.18
45,0,423.96032,3.185
46,0,410.165663,3.165
47,0,387.729901,3.115
48,0,378.551749,3.1
1,0,356.553324,2.53
2,0,324.316773,2.5
3,0,314.987016,2.245
4,0,311.304745,2.17
5,0,307.90569,2.17
6,0,310.161131,2.18
7,0,326.823725,2.205
8,0,324.180873,2.205
9,0,325.323745,2.21
10,0,342.661358,2.19
11,0,362.303899,2.21
12,0,375.831755,2.18
13,0.006169,401.710332,2.5
14,1.382324,458.589858,2.25
15,1.268015,473.33142,2.53
16,0.841992,500.241579,2.53
17,57.636485,442.312814,2.53
18,157.276297,389.210757,2.53
19,861.10476,369.049635,2.265
20,1357.34005,328.96184,2.25
21,1455.9688,298.852058,2.045
22,1515.7081,259.773294,1.665
23,1540.1778,261.581141,1.135
24,1599.9575,250.679485,1.065
25,1648.0204,270.095687,0.87
26,1632.91314,266.60415,0.5
27,1564.7806,241.764964,1.05
28,1472.8076,248.739583,1.355
29,1387.62675,248.257346,1.5
30,1243.70684,237.170764,2.04
31,895.20303,231.441671,2.16
32,517.48957,243.431447,2.235
33,225.08693,236.790098,2.325
34,206.19115,256.997348,2.53
35,108.163111,298.318097,2.53
36,19.236333,381.003694,4.345
37,0.475731,457.180506,4.51
38,0.041692,486.416366,4.555
39,0,534.465627,4.5
40,0,532.392016,4.445
41,0,534.060041,4.405
42,0,563.547927,4.365
43,0,539.29898,3.675
44,0,541.432552,3.38
45,0,508.292665,3.235
46,0,483.017214,2.91
47,0,462.54779,2.58
48,0,485.124801,2.53
1,0,456.995983,2.58
2,0,427.194199,2.45
3,0,398.172314,2.235
4,0,400.95129,2.18
5,0,389.367056,2.17
6,0,399.816427,2.18
7,0,384.333785,2.25
8,0,388.443736,2.25
9,0,389.432403,2.25
10,0,391.954173,2.25
11,0,408.562399,2.25
12,0,402.530183,2.32
13,3.209868,409.90494,2.53
14,24.988664,405.792351,2.53
15,87.774269,459.928123,2.53
16,413.00403,480.087951,2.53
17,190.35255,502.024302,3.57
18,952.382674,472.642467,3.895
19,336.011834,470.472289,4.27
20,956.152048,443.602931,4.27
21,908.015002,400.510872,3.42
22,770.909968,380.475325,2.975
23,309.479483,356.956501,3.22
24,393.29087,372.644718,2.975
25,570.596079,359.840067,2.53
26,257.319352,366.90748,2.34
27,137.19282,364.058975,2.7
28,49.348896,382.21323,2.975
29,62.586027,356.236947,2.975
30,52.671317,359.224479,3.325
31,58.987093,367.66891,2.58
32,311.85419,365.534267,3.335
33,73.987441,392.872838,3.695
34,9.721017,402.529709,3.48
35,3.920364,444.715118,2.53
36,0.420905,513.947259,2.975
37,0.063211,566.557615,4.37
38,0,587.988876,4.505
39,0,610.761457,4.51
40,0,608.149131,3.72
41,0,623.560673,4.425
42,0,642.85512,4.43
43,0,665.502252,4.355
44,0,618.9823,2.87
45,0,584.131166,3.695
46,0,521.064534,3.315
47,0,507.135291,3.265
48,0,515.507045,3.195
1,0,456.995983,3.175
2,0,427.194199,2.58
3,0,398.172314,2.53
4,0,400.95129,2.53
5,0,389.367056,2.53
6,0,399.816427,2.53
7,0,384.333785,2.53
8,0,388.443736,2.58
9,0,389.432403,2.58
10,0,391.954173,2.58
11,0,408.562399,2.58
12,0,402.530183,2.58
13,3.209868,409.90494,2.53
14,24.988664,405.792351,2.53
15,87.774269,459.928123,2.58
16,413.00403,480.087951,2.53
17,190.35255,502.024302,3.11
18,952.382674,472.642467,3.145
19,336.011834,470.472289,3.035
20,956.152048,443.602931,2.99
21,908.015002,400.510872,2.58
22,770.909968,380.475325,2.53
23,309.479483,356.956501,2.53
24,393.29087,372.644718,2.51
25,570.596079,359.840067,2
26,257.319352,366.90748,2
27,137.19282,364.058975,2.15
28,49.348896,382.21323,2.53
29,62.586027,356.236947,3.005
30,52.671317,359.224479,3.065
31,58.987093,367.66891,3.12
32,311.85419,365.534267,3.16
33,73.987441,392.872838,3.3
34,9.721017,402.529709,3.26
35,3.920364,444.715118,2.58
36,0.420905,513.947259,3.175
37,0.063211,566.557615,4.365
38,0,587.988876,4.4
39,0,610.761457,4.365
40,0,608.149131,3.21
41,0,623.560673,3.21
42,0,642.85512,2.87
43,0,665.502252,2.99
44,0,618.9823,2.58
45,0,584.131166,3.2
46,0,521.064534,3.22
47,0,507.135291,3.23
48,0,515.507045,3.175
1,0,305.982337,3.575
2,0,280.626497,3.575
3,0,254.626563,3.49
4,0,248.687452,3.49
5,0,244.972672,3.45
6,0,246.823443,3.45
7,0,262.692379,3.47
8,0,281.069132,3.53
9,0,280.96679,3.55
10,0.066431,283.684718,3.55
11,17.134478,294.580578,3.425
12,78.50609,313.075682,3.375
13,161.087462,327.224375,3.35
14,332.185618,338.699179,3.23
15,452.268648,365.524944,3.295
16,671.71832,310.77419,3.305
17,849.14039,299.87777,3.7
18,988.21627,273.356049,4.11
19,1134.23238,268.57195,4.06
20,1236.24801,256.836172,4.15
21,1332.006,236.039361,4.15
22,1387.55308,229.573551,4.15
23,1444.0681,230.274104,4.15
24,1482.6344,227.9714,4.16
25,1410.579243,243.46508,3.76
26,1417.33497,240.241184,3.76
27,1180.20021,247.40686,4.625
28,1125.62876,234.84682,4.645
29,961.81823,241.477465,4.83
30,1093.71214,232.78361,4.83
31,362.54555,231.932069,4.83
32,102.473307,240.05051,4.96
33,91.750929,245.914444,6
34,385.73096,273.096599,6
35,111.543711,277.02496,5.645
36,144.250334,304.243442,5.645
37,110.388993,306.061836,6.1
38,1.711287,369.328473,6.25
39,0.138527,445.503473,6.465
40,0.006725,442.93549,6.115
41,0,440.06871,5.645
42,0,413.315718,5.645
43,0,423.696834,4.97
44,0,405.956159,4.83
45,0,379.146891,4.82
46,0,369.29882,4.765
47,0,337.575069,4.61
48,0,318.280304,4.61
1,0,304.193347,3.8
2,0,288.10552,3.7
3,0,253.235931,3.54
4,0,257.904017,3.525
5,0,259.398634,3.475
6,0,245.810607,3.475
7,0,258.93706,3.57
8,0,266.880202,3.57
9,0,286.184031,3.57
10,0,291.092527,3.57
11,5.813117,280.488061,3.455
12,65.981003,315.465636,3.455
13,9.80012,300.744055,3.515
14,124.850455,340.910611,3.515
15,132.866415,361.908279,3.74
16,229.159915,332.976369,4.435
17,457.09694,291.172224,4.7
18,261.95613,269.053818,4.845
19,185.908925,259.042125,5.84
20,453.54399,245.972169,5.27
21,1264.52122,237.285279,5.12
22,1120.27599,224.337489,5.12
23,1467.32275,230.836389,6.045
24,1601.92423,231.949685,5.94
25,960.53726,233.5302,4.75
26,1382.13461,260.837526,4.695
27,824.06853,255.70939,6.285
28,747.78414,236.3488,6.4
29,870.22608,233.16832,6.51
30,445.75924,232.092289,6.51
31,934.41362,252.8339,6.25
32,96.624172,230.024025,6.51
33,152.117651,236.903138,6.42
34,100.237394,270.429607,6.42
35,181.603088,275.563485,6.11
36,115.552721,336.843286,5.27
37,65.774582,341.827243,6.045
38,5.610943,378.351832,6.045
39,0.215493,414.56938,5.62
40,0.006725,424.776265,5.62
41,0,415.545536,4.915
42,0,398.546739,4.83
43,0,415.46177,4.74
44,0,406.13398,4.74
45,0,393.469537,4.7
46,0,361.94633,4.655
47,0,339.526581,4.51
48,0,331.015659,4.545
1,0,319.934508,4.56
2,0,279.569731,4.38
3,0,261.448983,3.59
4,0,254.693558,3.59
5,0,255.788394,3.51
6,0,255.505863,3.51
7,0,267.112326,3.58
8,0,276.571557,3.58
9,0,289.804505,3.555
10,0,288.821685,3.555
11,5.590689,305.964757,3.59
12,79.589525,306.467744,3.35
13,189.965499,318.366909,3.25
14,399.43244,319.527539,3.175
15,585.27656,355.841812,3.195
16,741.98394,315.882458,3.195
17,935.79611,291.090117,3.35
18,1062.54023,258.964301,3.395
19,752.21409,245.969352,3.385
20,1075.81696,248.411637,3.385
21,859.54649,221.030432,3.31
22,1257.76264,221.004745,3.03
23,994.34404,221.645257,3.255
24,1314.81315,232.3547,3.3
25,1223.8006,246.56926,3.345
26,663.5869,242.7738,3.355
27,478.71584,244.866494,3.525
28,837.22969,233.15892,3.66
29,1232.05014,244.495235,4.15
30,455.29774,227.606995,4.065
31,168.471346,224.586418,4.15
32,7.126704,229.397257,4.295
33,4.125974,114.939867,4.38
34,24.709796,250.476381,4.535
35,61.553901,280.282312,4.545
36,25.415963,307.542726,4.6
37,23.28255,334.508561,4.725
38,0.633306,380.895146,4.81
39,0.157355,421.001445,4.895
40,0,415.186274,4.77
41,0,406.012539,4.695
42,0,404.322229,4.635
43,0,408.842119,4.61
44,0,386.996819,3.855
45,0,372.096524,3.74
46,0,361.613044,3.74
47,0,339.621634,3.58
48,0,325.537799,3.58
1,0,305.788998,3.58
2,0,286.509344,3.52
3,0,267.854325,3.41
4,0,259.412114,3.355
5,0,258.065426,3.375
6,0,260.444967,3.505
7,0,260.966663,3.685
8,0,271.193527,3.715
9,0,287.460392,3.66
10,0.005034,280.434428,3.655
11,15.535877,282.096706,3.415
12,30.962542,269.716363,3.345
13,28.412542,259.257216,3.2
14,113.729433,256.45421,3.2
15,5.58279,279.723927,3.215
16,36.212218,294.991544,2.985
17,117.516392,311.310998,2.5
18,223.19574,312.865745,2.755
19,926.71821,321.747956,2.625
20,327.78858,298.16167,2.64
21,416.22013,285.121415,2.41
22,340.33207,273.152844,2.41
23,250.35841,264.972968,2.45
24,26.224916,277.488667,2.5
25,231.41704,287.799161,2.67
26,215.557331,281.307328,2.67
27,488.10975,279.605731,2.82
28,1111.02856,265.195133,2.825
29,606.74633,268.574263,2.965
30,381.86361,261.977865,3.115
31,741.55377,248.550339,3.235
32,578.20386,245.154292,3.34
33,149.600778,241.935347,3.475
34,110.973764,259.235357,3.49
35,54.001389,294.370683,3.625
36,15.295797,348.101642,3.715
37,2.428801,389.999829,4.15
38,0.786001,405.997663,4.295
39,0.130458,408.085404,4.565
40,0,409.355179,4.565
41,0,396.232399,4.28
42,0,405.537918,4.19
43,0,387.935253,4.15
44,0,381.125757,3.725
45,0,360.191081,3.61
46,0,349.017213,3.57
47,0,341.643145,3.57
48,0,338.525823,3.57
1,0,315.536762,3.3
2,0,293.164045,3.21
3,0,269.6424,3.065
4,0,265.103586,3.065
5,0,270.690477,3.295
6,0,266.203518,3.295
7,0,262.618384,3.36
8,0,266.13884,3.36
9,0,282.966982,3.405
10,0,273.989875,3.45
11,0.005133,275.167444,3.385
12,0.019478,284.5192,3.385
13,0.577786,266.850656,3.365
14,3.245782,249.80495,3.365
15,8.785427,246.251486,3.43
16,6.955222,301.98275,3.43
17,2.937367,332.090156,3.52
18,1.680704,372.141887,3.8
19,24.136205,384.047128,4.15
20,435.189308,366.039198,4.565
21,1003.609804,345.945833,3.52
22,1219.62657,297.676119,3.415
23,319.8246,286.234908,3.625
24,540.00858,286.908832,3.625
25,266.71808,300.12825,2.925
26,27.402581,318.504838,2.825
27,8.466884,327.033003,3.46
28,3.535724,321.621072,4.15
29,8.985139,302.6279,4.58
30,22.951672,314.305141,4.59
31,13.859269,280.525812,4.63
32,40.759918,298.073134,4.63
33,66.782123,295.950794,4.7
34,51.121885,298.191376,4.705
35,84.634846,321.17313,4.7
36,95.466278,352.872066,4.815
37,39.424989,366.038637,4.81
38,12.386675,388.049039,4.81
39,0.300224,422.510684,4.81
40,0.016139,462.948706,4.675
41,0,448.075341,4.61
42,0.00538,418.81069,4.59
43,0,407.866049,4.58
44,0,401.114544,4.455
45,0,379.071876,4.565
46,0,356.438747,4.15
47,0,339.514419,3.8
48,0,327.335595,3.67
1,0,302.745632,3.425
2,0,274.063334,3.405
3,0.00538,264.225099,3.33
4,0,257.374427,3.33
5,0,245.201423,3.355
6,0,251.12838,3.36
7,0,249.337969,3.425
8,0,271.911178,3.425
9,0,289.489636,3.44
10,0.026146,287.232657,3.44
11,8.666377,294.529351,3.385
12,25.286891,319.988936,3.335
13,71.054433,304.700865,3.3
14,206.805715,347.958947,3.3
15,242.71929,371.46314,3.34
16,656.66859,320.900767,3.36
17,987.71673,301.771814,3.45
18,336.09462,266.355713,3.59
19,493.40663,249.367723,4.15
20,601.16481,235.364609,4.145
21,1537.63202,230.769166,3.7
22,1443.1337,228.231182,3.7
23,1526.35688,225.999793,3.725
24,883.58996,224.00683,3.825
25,641.48927,236.291161,3.225
26,1569.5712,249.5845,3.155
27,1040.723,246.79386,4.535
28,718.41346,219.731315,4.555
29,1275.71866,227.87568,4.6
30,1130.45034,232.05767,4.61
31,1025.35449,226.490895,4.61
32,789.79761,226.444915,4.61
33,662.06077,225.83326,4.655
34,472.64818,232.093809,4.83
35,182.256331,249.034609,4.83
36,145.147235,297.8428,4.705
37,60.891274,305.404077,4.83
38,14.483825,343.19937,4.845
39,0.456931,417.465701,4.805
40,0.009414,447.31912,4.655
41,0,430.160839,4.575
42,0,419.706293,4.525
43,0,419.767159,4.15
44,0,396.546423,3.76
45,0,388.184297,4.46
46,0,372.2696,3.92
47,0,358.192549,3.745
48,0,337.26974,3.82
1,0,319.648361,3.54
2,0,295.178524,3.54
3,0,266.526371,3.49
4,0,250.316277,3.49
5,0,252.007886,3.45
6,0,253.690587,3.47
7,0,259.578689,3.62
8,0,268.41606,3.62
9,0,285.854294,3.72
10,0.428344,286.31041,3.72
11,18.820585,299.590092,3.56
12,94.636522,307.511998,3.475
13,210.505176,315.254535,3.475
14,352.528225,322.690717,3.305
15,535.05514,350.686337,3.46
16,707.41468,316.082917,3.475
17,880.72969,299.695009,3.455
18,1025.8,280.177418,3.505
19,1156.76247,263.80469,3.41
20,1249.82216,261.665595,3.295
21,1307.92641,234.938285,3.12
22,1402.1059,225.718911,3.035
23,1417.2594,228.08465,3.145
24,1418.48602,223.942196,3.12
25,1406.07803,251.970394,2.455
26,1366.70539,255.202075,2.455
27,1316.30341,248.506083,3.2
28,1287.52481,250.55952,3.26
29,1187.70344,239.21779,3.55
30,1066.28856,239.715434,3.52
31,912.02327,239.75799,4.15
32,786.89747,241.34933,3.73
33,599.96904,231.52354,4.61
34,414.60656,245.03458,4.61
35,271.076879,265.779945,4.7
36,152.139045,289.73021,4.635
37,54.132424,303.974455,4.79
38,10.430694,353.773914,5.015
39,0.240245,409.786439,4.87
40,0.022863,430.158548,4.79
41,0,439.925832,4.7
42,0,417.372432,4.655
43,0,417.258834,4.61
44,0,407.854064,4.28
45,0,390.070094,4.215
46,0,377.61976,3.925
47,0,360.816692,3.73
48,0,334.749179,3.73
1,0,314.981661,3.53
2,0,289.566719,3.48
3,0,265.559353,3.39
4,0,247.341349,3.28
5,0,248.920206,3.415
6,0,245.715118,3.425
7,0,254.999016,3.46
8,0,264.202543,3.52
9,0,285.344542,3.555
10,0.596156,287.656354,3.555
11,14.727061,286.276927,3.46
12,50.853431,306.899562,3.415
13,105.713626,297.018944,3.365
14,342.05683,339.340138,3.245
15,522.120211,347.625269,3.275
16,688.92521,317.636473,3.365
17,846.49912,289.975659,3.075
18,996.06489,286.500302,3.2
19,1113.13739,266.059712,2.89
20,1245.1495,249.841585,3.01
21,1306.83199,245.455561,2.75
22,1187.70393,240.71322,2.725
23,1377.39904,238.13766,2.825
24,1432.00905,240.83969,2.725
25,1451.03285,253.377155,2.575
26,1376.80677,251.56544,2.575
27,1299.90019,244.27998,3.185
28,1312.05017,251.42541,3.2
29,1109.40926,244.7496,3.535
30,828.40052,243.999059,3.535
31,1019.37521,255.41734,4.045
32,765.47504,243.66663,4.19
33,567.97649,255.558395,4.61
34,279.5259,257.523504,4.675
35,300.10147,264.395984,4.675
36,226.956469,288.784429,4.675
37,35.245578,318.85593,4.815
38,23.109606,373.87854,4.83
39,0.190205,427.60584,4.775
40,0.067246,455.518739,4.7
41,0,429.485519,4.61
42,0,418.000079,4.61
43,0,416.970042,4.55
44,0,408.168878,4.485
45,0,405.898889,4.575
46,0,376.757094,4.5
47,0,367.869481,3.985
48,0,350.584434,4.025
1,0,324.50218,3.625
2,0,294.954129,3.58
3,0,268.565735,3.435
4,0,252.504264,3.435
5,0,253.65564,3.705
6,0,254.26328,3.705
7,0,255.050314,3.565
8,0,262.4393,3.49
9,0,274.061982,3.635
10,0,279.971798,3.635
11,1.014036,286.888802,3.425
12,30.742754,304.29066,3.425
13,41.247685,303.662045,3.725
14,41.696538,347.908889,3.725
15,141.033795,356.735884,3.425
16,233.14149,316.12588,3.425
17,405.66413,292.417481,3.42
18,406.4986,287.569282,3.54
19,625.3782,265.135818,4.61
20,1005.80624,256.471966,4.61
21,686.61052,244.800625,4.61
22,297.13681,220.077928,4.61
23,321.72834,229.522343,4.765
24,509.9235,233.03948,4.83
25,421.00879,238.258814,4.38
26,487.67406,236.526167,4.21
27,428.23206,228.715032,4.8
28,372.05585,229.226271,4.84
29,355.43965,226.015703,4.945
30,66.515558,223.612616,5.1
31,128.706101,224.095449,5.015
32,101.033879,232.970477,5.015
33,15.472833,266.614012,5.1
34,30.518589,278.624355,5.1
35,22.225503,300.832636,4.845
36,7.105036,346.87757,4.845
37,2.420038,365.373312,4.805
38,0.546076,412.299865,4.805
39,0.032278,442.588514,4.79
40,0,434.813324,4.7
41,0,423.105109,4.645
42,0,425.399561,4.595
43,0,420.944269,4.44
44,0,391.198064,3.985
45,0,395.393064,4.645
46,0,372.822635,4.645
47,0,354.142647,4.44
48,0,330.290861,4.19
1,0,321.043112,3.68
2,0,300.426325,3.46
3,0,264.517387,3.365
4,0,256.896736,3.365
5,0,239.510833,3.37
6,0,258.430141,3.42
7,0,258.012971,3.635
8,0,280.287749,3.69
9,0,287.058175,3.635
10,0,287.590809,3.605
11,1.682277,313.706368,3.47
12,21.97812,318.371044,3.385
13,53.567779,307.220011,3.395
14,128.9815,325.189744,3.395
15,194.74068,354.657869,3.46
16,297.27204,331.101605,3.68
17,372.89652,299.38686,3.795
18,866.74957,280.745943,4.15
19,893.92377,250.090033,4.5
20,1217.02326,249.244397,4.55
21,1382.6352,241.818931,4.54
22,1420.98442,225.597856,4.38
23,1446.94287,229.612274,4.21
24,1531.69849,227.16874,4.2
25,1549.41724,248.70244,3.855
26,1523.55637,248.98334,3.705
27,1474.81732,234.49872,3.68
28,1445.59787,245.175699,3.68
29,1332.15847,236.807834,3.68
30,1197.24719,228.84321,3.68
31,1052.54194,238.913734,3.53
32,885.54449,228.807969,3.82
33,704.52855,234.351599,4.15
34,360.981172,245.125889,4.15
35,271.624611,256.991022,4.355
36,159.56694,273.361386,4.565
37,78.024099,303.551358,4.575
38,8.456012,343.565515,4.675
39,0.365585,390.751859,4.695
40,0.025554,424.871291,4.61
41,0,418.19112,4.575
42,0,418.049006,4.5
43,0,412.676612,4.19
44,0,390.190849,3.82
45,0,382.480534,3.565
46,0,369.665888,3.565
47,0,359.099182,3.405
48,0,350.63137,3.405
1,0,322.17003,3.25
2,0,299.834511,3.215
3,0,288.526802,3.14
4,0,257.728164,3.11
5,0,250.578372,3.105
6,0,251.767116,3.04
7,0,254.061437,3.105
8,0,262.814962,3.105
9,0,285.135172,3.07
10,0,290.130084,3.105
11,0,295.445632,3.105
12,0.179407,299.716271,3.105
13,48.406098,295.886191,3.135
14,20.266356,334.305522,3.005
15,86.410826,366.213808,2.89
16,419.17997,326.418054,2.955
17,825.179251,303.270165,3.145
18,949.567173,291.587822,3.33
19,1105.510389,264.457781,3.34
20,1188.54902,258.52036,3.34
21,1269.249307,249.68682,3.435
22,1262.87991,242.94725,3.435
23,937.86156,177.14575,3.43
24,1294.64444,244.22353,3.43
25,1350.741449,258.36825,3.34
26,1329.6634,272.2166,3.34
27,1272.61545,291.03395,3.45
28,1172.32192,270.45869,3.63
29,1162.38279,274.12115,4.465
30,649.45067,270.24778,4.015
31,578.28697,283.54778,3.75
32,571.14828,289.69423,4.015
33,413.075273,291.74766,4.495
34,230.946132,297.09504,4.645
35,70.828549,328.02855,4.65
36,8.142055,365.61697,4.755
37,0.179935,416.76056,4.755
38,0.005628,524.79153,4.755
39,0,541.82357,4.705
40,0,530.039886,4.66
41,0,514.695777,4.535
42,0,519.933192,4.535
43,0,509.810851,4.245
44,0.010759,492.62998,4.11
45,0,481.263877,4.485
46,0,457.266822,4.27
47,0,451.172356,3.86
48,0,427.909385,3.745
1,0,393.556957,3.23
2,0,369.234576,3.18
3,0,333.754971,3.135
4,0,296.203647,3.07
5,0,291.659005,2.98
6,0,290.663226,2.92
7,0,282.487745,2.94
8,0,289.54734,2.94
9,0,311.956406,3.005
10,0,325.022477,3.005
11,0,340.736233,2.98
12,0.28825,379.281116,3.055
13,6.459522,368.579632,3.025
14,39.181701,367.404966,2.98
15,173.048349,352.925996,2.795
16,489.680653,347.75737,2.765
17,581.789648,333.927205,2.795
18,927.091273,337.039531,2.795
19,883.24179,325.79202,2.975
20,892.04879,319.76289,2.98
21,1578.654167,303.57949,2.98
22,477.6134,282.03471,3
23,335.79521,273.44765,3.095
24,475.87168,297.49709,3.105
25,856.07809,287.89565,3.115
26,1083.481444,326.569494,3.185
27,653.310589,331.96915,3.27
28,411.55191,330.50589,3.275
29,342.656462,303.3761,3.395
30,289.776698,309.503265,3.435
31,833.448698,333.364625,3.835
32,727.50587,360.62798,4.055
33,113.978693,416.018,4.485
34,129.285054,468.26376,4.535
35,55.958139,475.80321,4.73
36,10.734336,456.24327,5.035
37,0.052452,515.64827,4.915
38,0,541.97798,4.915
39,0,542.12086,4.925
40,0,527.146406,4.925
41,0,507.108042,4.925
42,0,510.718941,4.92
43,0,521.478201,4.59
44,0,514.712016,4.485
45,0,486.674272,4.505
46,0,466.974226,4.055
47,0,417.888181,3.845
48,0,419.221316,3.845
1,0,380.965118,3.155
2,0,346.867833,3.155
3,0,320.411107,3.12
4,0,300.538437,3.065
5,0,285.794192,2.99
6,0,279.495503,2.99
7,0,274.241007,2.99
8,0,283.144378,2.99
9,0,292.502155,3.085
10,0,289.491278,3.085
11,0,288.13382,3.065
12,0.727572,276.181608,3.065
13,45.143496,282.041903,3.085
14,194.423881,265.815246,2.99
15,283.5946,271.603418,2.975
16,581.85797,300.594572,2.975
17,655.3343,335.728748,3.175
18,565.47009,376.095031,3.28
19,1237.60186,393.137955,3.645
20,1029.67768,431.504355,3.645
21,854.16013,417.88688,3.595
22,593.3635,430.16168,3.595
23,865.66101,407.35735,4.115
24,1203.05088,440.80072,4.465
25,792.18017,460.13581,4.11
26,1458.464038,497.3818,4.235
27,938.15806,493.980445,4.485
28,754.532622,478.5464,4.485
29,485.707414,472.59602,4.65
30,521.620098,477.09324,4.73
31,411.935333,444.186775,5.05
32,727.479954,468.736165,5.97
33,206.774914,474.77559,6.015
34,337.500452,473.218326,6.555
35,17.420665,480.928321,6.795
36,1.981989,509.505676,6.88
37,0.034968,586.183482,6.88
38,0,642.782412,6.88
39,0,612.458332,6.795
40,0,599.969248,6.495
41,0,605.857848,5.97
42,0,598.089049,4.965
43,0,597.355168,4.64
44,0,589.787173,4.6
45,0,556.445468,4.335
46,0,517.765322,4.27
47,0,472.465598,3.845
48,0,447.346293,3.845
1,0,421.216988,3.38
2,0,383.283483,3.38
3,0,335.576033,3.315
4,0,313.469747,3.245
5,0,296.210163,3.225
6,0,294.140846,3.235
7,0,275.740378,3.225
8,0,283.311143,3.27
9,0,289.891889,3.245
10,0,289.774613,3.245
11,0,302.567909,3.255
12,0.122396,298.955492,3.27
13,15.806987,304.716808,3.335
14,186.340732,295.938679,3.38
15,294.913211,321.528839,3.485
16,488.562407,332.492313,3.495
17,768.97007,339.639613,4.11
18,853.359128,382.647795,4.485
19,978.522442,416.499737,4.525
20,1243.717862,453.493622,4.525
21,1261.202885,474.612822,4.5
22,1352.31918,459.610632,4.545
23,1345.992588,457.190627,4.585
24,1338.62062,495.142257,4.585
25,1327.05818,543.453832,4.485
26,1312.097405,545.147462,4.485
27,1255.29872,557.651392,4.485
28,1151.58491,553.304487,4.725
29,1041.024199,527.588687,5.795
30,975.12259,533.498907,5.99
31,764.94039,531.385507,6.48
32,480.88571,526.090692,6.74
33,316.885591,512.977262,6.74
34,301.602942,516.688007,6.795
35,58.672884,524.512717,6.795
36,5.427361,580.239691,7.5
37,0.136016,672.940387,7.5
38,0,727.773277,6.795
39,0,712.498692,6.8
40,0,714.469538,6.215
41,0,693.317945,5.285
42,0,687.121453,4.875
43,0,695.952598,4.81
44,0,676.023367,4.645
45,0,648.083618,4.685
46,0,609.907923,4.485
47,0,556.551413,4.11
48,0,505.746638,4.055
1,0,478.915788,3.455
2,0,400.274938,3.425
3,0,374.513728,3.365
4,0,337.348928,3.325
5,0,321.797763,3.295
6,0,309.858913,3.295
7,0,307.267943,3.295
8,0,319.763928,3.295
9,0,322.895069,3.32
10,0,318.901683,3.32
11,0.005622,317.171973,3.365
12,0.134426,323.206742,3.365
13,23.660984,333.646243,3.47
14,45.937148,365.390598,3.47
15,193.64075,371.596033,3.845
16,176.607356,366.661897,3.79
17,295.61625,335.682608,4.27
18,695.48675,345.847293,4.485
19,588.53297,327.954437,4.6
20,1172.85127,314.830717,4.61
21,1098.83965,310.786612,4.645
22,795.4091,295.319547,4.645
23,622.22501,288.053207,4.65
24,1018.64597,294.685197,4.65
25,1077.72611,316.395405,4.27
26,691.52352,323.73432,4.27
27,625.68736,319.743845,4.485
28,374.81438,305.21709,4.485
29,195.160829,299.761007,4.625
30,169.637326,303.24706,4.815
31,207.23765,287.070087,4.79
32,225.76281,287.853017,4.93
33,91.864434,278.750262,5.385
34,16.184884,297.996507,5.385
35,3.90513,318.062267,5.285
36,0.510593,377.466577,5.295
37,0.39898,425.911928,5.22
38,0,515.953908,5.175
39,0,479.124198,4.72
40,0,460.734552,4.66
41,0,456.316244,4.525
42,0,452.747292,4.39
43,0,450.869703,4.055
44,0,436.579498,3.675
45,0,414.715788,4.245
46,0,403.576842,3.845
47,0,402.214558,3.485
48,0,373.033048,3.595
1,0,338.727488,3.345
2,0,314.217428,3.345
3,0,283.078714,3.19
4,0,267.669623,3.19
5,0,260.072168,3.115
6,0,248.725377,3.115
7,0,254.601958,3.135
8,0,272.723843,3.135
9,0,281.740192,3.185
10,0,295.452884,3.185
11,0,308.772344,3.25
12,0.046198,305.377124,3.27
13,3.8107,314.265778,3.315
14,41.070506,332.092364,3.315
15,160.866732,368.152592,3.235
16,155.975473,342.493457,3.235
17,233.23294,310.370853,3.19
18,456.86716,296.507579,3.355
19,310.86593,281.561337,3.41
20,465.14265,256.159442,3.41
21,621.93136,245.418073,3.27
22,749.36823,245.225412,3.31
23,736.77199,245.684057,3.425
24,1124.68091,248.497637,3.375
25,599.04301,263.22314,3.2
26,454.68732,264.95679,3.245
27,444.28993,252.283375,3.495
28,474.758012,259.008495,3.53
29,358.5713,249.266806,4.425
30,1134.81751,261.19656,4.465
31,226.37205,262.41101,4.485
32,84.833498,256.802647,4.66
33,85.068415,285.639327,4.81
34,54.270566,290.692577,5.06
35,14.858238,310.111257,5.09
36,1.340726,354.512722,5.39
37,0.325007,437.948017,4.97
38,0.011342,500.301828,4.885
39,0,529.579882,4.62
40,0,473.785843,4.6
41,0,468.752268,4.555
42,0,461.537938,4.495
43,0,480.847938,4.27
44,0,465.294324,3.61
45,0,425.391623,3.89
46,0,423.119168,3.83
47,0,382.845138,3.48
48,0,362.337538,3.48
1,0,350.013833,3.335
2,0,310.421833,3.32
3,0,286.675953,3.27
4,0,266.966268,3.245
5,0,260.170522,3.27
6,0,257.773347,3.27
7,0,261.631192,3.335
8,0,266.225277,3.335
9,0,282.362857,3.335
10,0,287.035544,3.335
11,0,290.350464,3.335
12,0.243459,309.653019,3.335
13,48.861574,336.342074,3.37
14,215.757017,327.461048,3.385
15,423.86987,349.544597,3.42
16,620.22437,318.356022,3.45
17,803.8606,317.845034,3.51
18,978.88074,322.368037,3.745
19,1127.00219,303.498837,3.88
20,1229.55872,304.311637,3.88
21,1294.149345,298.634752,3.86
22,1376.5698,305.371232,4.11
23,1357.98524,293.915672,4.32
24,1383.60807,317.401966,4.36
25,1366.30343,351.83094,3.63
26,1326.08048,369.99028,3.63
27,1279.02697,369.793417,4.385
28,1210.27705,378.9007,4.485
29,1092.85768,376.989105,4.485
30,933.69766,391.652367,4.485
31,782.52824,392.52025,4.485
32,603.811908,389.110276,4.585
33,403.140438,376.436352,4.67
34,250.718,399.010757,4.68
35,10.078285,437.701352,4.655
36,2.15744,491.378807,4.72
37,0.237776,535.158392,4.72
38,0,629.133837,4.72
39,0,610.341507,4.635
40,0,592.664082,4.545
41,0,551.690948,4.48
42,0,571.465213,4.205
43,0,552.918773,4.055
44,0,537.394273,3.845
45,0,481.852718,4.11
46,0,453.752608,4.11
47,0,435.391527,3.88
48,0,405.914748,3.88
1,0,373.952358,4.18
2,0,349.327819,3.75
3,0,319.443664,3.455
4,0,307.178283,3.455
5,0,277.096193,3.29
6,0,264.521177,3.3
7,0,256.993367,3.495
8,0,261.983678,3.685
9,0,285.388758,3.685
10,0,293.149253,3.75
11,0,299.950743,3.75
12,0.206023,323.728438,3.75
13,48.898625,334.285149,3.455
14,219.863454,330.75208,3.495
15,415.156365,346.467628,3.75
16,607.446204,335.352897,3.845
17,769.95085,318.688212,3.465
18,936.967281,312.472422,4.185
19,1073.58436,317.181657,4.11
20,1191.74542,294.230522,4.11
21,1270.27573,296.125412,4.055
22,1318.51842,303.496827,4.055
23,1262.10855,319.754607,4.11
24,1370.87288,324.768122,4.11
25,1366.78353,349.90801,3.63
26,1315.2959,370.40759,3.65
27,1265.378584,377.11584,4.255
28,1182.50383,372.059465,4.255
29,1076.053693,379.786865,4.11
30,943.5842,376.41071,4.11
31,788.22929,383.662225,4.18
32,615.942932,360.649575,4.43
33,422.757029,353.68178,4.43
34,227.482018,381.80742,4.485
35,71.03589,393.529151,4.485
36,4.451649,432.295517,4.51
37,0.078529,484.979902,4.555
38,0.090551,574.495027,4.555
39,0,578.131177,4.51
40,0,556.094048,4.485
41,0,569.617072,4.485
42,0,543.948538,4.405
43,0,553.216908,4.18
44,0,529.068396,3.6
45,0,488.285408,4.18
46,0,476.860458,3.99
47,0,454.061518,3.505
48,0,424.839068,3.75
1,0,387.989203,4.18
2,0,357.041429,3.75
3,0,319.918448,3.63
4,0,304.549173,3.34
5,0,286.233542,3.63
6,0,278.328358,3.635
7,0,271.503903,3.685
8,0,269.354862,3.75
9,0,287.606753,3.75
10,0,289.448143,3.75
11,0.019871,302.984483,3.75
12,0.098852,284.942503,3.3
13,28.171724,283.176748,3.75
14,165.624004,267.434253,3.63
15,366.91384,284.756413,3.725
16,565.828385,314.114301,3.75
17,752.54869,321.227457,3.385
18,915.63668,352.323242,3.75
19,1046.73553,373.13461,3.845
20,1182.3612,374.9372,3.845
21,1238.39341,417.124075,4.18
22,1299.87815,405.78477,3.845
23,1310.09359,424.715735,3.845
24,1323.21484,433.09815,3.845
25,1286.300387,462.03568,3.845
26,1253.49786,495.49824,3.845
27,1235.164773,511.470356,4.18
28,1146.585827,485.610925,4.365
29,1012.56602,476.3125,4.365
30,889.938624,465.583876,4.365
31,678.547609,459.89719,4.41
32,492.79498,453.517395,4.485
33,377.127965,458.68803,4.485
34,185.346358,454.91382,4.485
35,38.090419,464.48007,4.525
36,1.941008,498.4923,4.605
37,0.073981,555.4095,4.66
38,0.052497,605.60078,4.715
39,0,588.647431,4.635
40,0,569.091223,4.59
41,0,571.943437,4.505
42,0,541.116238,4.485
43,0,556.992887,4.47
44,0,529.944608,4.38
45,0,513.973633,4.055
46,0,492.181503,3.75
47,0,462.093283,3.75
48,0,441.629383,3.75
1,0,415.777992,3.255
2,0,375.307922,2.98
3,0,335.546628,2.975
4,0,311.641887,2.805
5,0,300.409217,2.975
6,0,283.752154,2.975
7,0,285.066382,2.975
8,0,277.055807,2.975
9,0,289.008668,3.135
10,0,289.025618,3.205
11,0,295.287938,3.63
12,0.050219,283.292353,3.39
13,0.825489,286.607583,3.42
14,1.694227,280.713902,3.32
15,5.209737,286.240388,3.285
16,13.633883,309.113242,3.22
17,10.551833,337.893352,3.36
18,10.377893,351.436627,3.66
19,28.687165,387.605391,4.18
20,23.299508,372.061401,4.27
21,44.002152,368.904722,4.255
22,70.481194,362.408646,4.27
23,137.900998,330.685786,4.18
24,162.874745,330.910641,4.11
25,195.60929,341.180781,4.11
26,258.424229,323.887416,4.11
27,122.857726,312.536431,4.345
28,127.449864,294.589527,4.47
29,140.435499,282.878191,4.525
30,109.246156,291.660378,4.565
31,193.969184,289.807173,4.57
32,74.298646,281.170276,4.685
33,28.788692,280.33373,5.25
34,5.653573,301.880406,5.87
35,2.801182,326.418848,6.13
36,0.738946,377.201857,6.17
37,0.385665,416.418583,6.48
38,0.052536,403.995366,6.48
39,0.00538,412.366014,6.17
40,0,407.984592,6.13
41,0,420.870276,6.265
42,0,408.105219,5.09
43,0,400.048913,4.6
44,0,410.710759,4.51
45,0,402.683693,4.4
46,0.00538,388.052733,4.335
47,0,359.882654,4.255
48,0,342.447678,4.11
1,0,315.650248,4.11
2,0,295.247178,4.055
3,0,277.462083,3.28
4,0,266.083843,3.28
5,0,248.656832,3.28
6,0,253.283082,3.495
7,0,255.012428,3.845
8,0,261.129518,4.11
9,0,283.464573,4.11
10,0,281.504893,4.11
11,0.062033,294.380307,4.11
12,0.337373,287.903952,4.11
13,1.966559,275.078847,4.11
14,8.976039,273.593872,4.11
15,31.188709,295.794842,3.835
16,90.686227,286.446069,4.025
17,34.778766,313.705194,3.955
18,90.942695,316.173256,4.27
19,161.219759,321.144217,4.27
20,215.91408,317.959401,4.31
21,163.707376,310.993596,4.42
22,156.019075,313.00914,4.27
23,112.108316,277.198536,4.27
24,209.404563,272.971336,4.27
25,318.32119,294.823275,3.845
26,402.29989,291.079415,3.845
27,474.3587,257.067677,4.11
28,646.20558,252.196238,4.27
29,503.48013,262.980177,4.485
30,455.7376,260.894176,4.505
31,236.658001,268.356536,4.485
32,288.010855,248.987515,4.815
33,346.88948,258.299591,5.77
34,238.52775,264.620581,6.48
35,38.681454,289.120266,6.48
36,4.231629,358.272215,6.48
37,0.212004,459.849047,6.48
38,0,479.69975,6.48
39,0,472.735993,5.285
40,0,445.496778,4.7
41,0,463.870411,4.605
42,0,431.717898,4.485
43,0,439.096672,4.27
44,0,418.711133,4.11
45,0,394.142563,4.27
46,0,374.851313,4.27
47,0,355.996309,4.11
48,0,340.159578,4.11
1,0,310.809583,3.845
2,0,283.984963,3.845
3,0,270.553068,3.75
4,0,245.735218,3.495
5,0,246.860817,3.295
6,0,251.236273,3.745
7,0,254.427547,3.75
8,0,271.201052,3.75
9,0,295.463284,3.755
10,0.00538,294.121502,3.845
11,0.017872,311.625638,3.845
12,0.108983,304.587508,3.845
13,10.105833,321.161248,3.845
14,47.51715,357.427587,3.845
15,161.283429,343.918923,3.75
16,385.85648,324.869248,3.275
17,595.99344,300.145732,3.345
18,429.78792,283.33342,3.75
19,956.05052,264.791455,3.755
20,399.72226,235.139872,3.685
21,1116.93049,241.185332,3.49
22,1548.66219,233.507155,3.49
23,1382.43683,236.83068,3.485
24,1391.34444,248.199324,3.445
25,1304.91496,274.780435,3
26,1312.42772,281.4553,3
27,1306.17616,287.12024,3
28,1234.22784,292.634475,3.275
29,1137.69702,298.56699,3.295
30,1032.49869,299.1315,3.845
31,810.93477,300.103725,4.205
32,302.34725,288.7904,4.485
33,355.215843,302.59215,4.65
34,221.945046,293.04831,5.22
35,32.049671,312.89931,5.285
36,2.365804,366.500855,5.94
37,0.064182,424.189077,5.405
38,0.020483,469.728401,5.32
39,0,487.942773,4.95
40,0,458.675808,4.625
41,0,421.861598,4.525
42,0,439.891332,4.45
43,0,429.251577,4.27
44,0,408.194127,4.055
45,0,395.333942,4.11
46,0,385.637237,4.18
47,0,359.815907,3.845
48,0,344.355128,3.845
1,0,304.976583,4.21
2,0,286.702968,3.75
3,0,254.735208,3.63
4,0,243.723313,3.37
5,0,243.522792,3.37
6,0,247.683143,3.5
7,0,247.743263,3.745
8,0,267.979217,3.75
9,0,272.23272,3.75
10,0,288.986687,3.755
11,0.011338,291.175819,4.055
12,0.08608,306.133473,4.255
13,7.314449,333.631698,4.23
14,145.933866,327.778298,4.055
15,199.01204,366.637127,3.75
16,164.53319,323.726203,3.345
17,231.462115,296.398463,3.25
18,328.82562,282.85669,3.445
19,632.88884,264.295435,3.785
20,902.17764,242.274989,3.745
21,691.57408,217.273915,3.69
22,705.17283,227.012711,3.595
23,1184.40618,230.934075,3.685
24,1448.47204,242.00447,3.795
25,1466.17366,249.983615,3.275
26,1436.95892,245.720465,3.38
27,1295.46071,243.23739,3.685
28,1035.59774,242.25162,3.845
29,1185.41636,240.318055,3.845
30,1006.96322,236.00339,4.065
31,383.18222,233.960475,4.485
32,233.232325,232.595314,4.55
33,48.571365,245.130201,4.685
34,3.114004,261.496331,4.765
35,2.716843,312.0736,4.695
36,2.249792,367.152426,5.22
37,0.741528,403.197413,5.285
38,0.105427,439.252301,4.91
39,0,439.062953,4.59
40,0,455.234084,4.545
41,0,416.264863,4.45
42,0,406.652748,4.235
43,0,398.588687,4.27
44,0,380.441733,3.845
45,0,394.821492,4.11
46,0,372.890392,3.95
47,0,352.972633,3.745
48,0,340.396693,3.63
1,0,315.764313,3.845
2,0,283.374153,3.29
3,0,263.259749,3.37
4,0,248.898633,3.3
5,0,246.536713,3.285
6,0,246.332368,3.285
7,0,253.797032,3.29
8,0,251.828962,3.29
9,0,273.381403,3.29
10,0,274.120073,3.37
11,0.044279,290.256273,3.29
12,0.35838,300.838382,3.505
13,4.140554,334.789504,3.745
14,18.143871,345.94746,3.75
15,60.641008,354.590605,3.63
16,167.482495,343.044706,3.845
17,231.96375,299.661161,3.63
18,267.128254,296.905541,4.055
19,436.44407,263.442953,4.11
20,538.22942,240.033961,4.11
21,796.121,231.683466,4.11
22,669.336902,228.13289,4.22
23,1581.02469,225.094419,4.18
24,678.37845,232.39226,4.11
25,582.34653,233.773235,3.845
26,955.75551,234.759446,3.845
27,893.83769,246.311055,4.11
28,453.63767,244.91228,4.27
29,371.30743,237.86208,4.485
30,200.690496,242.337871,4.485
31,210.926255,244.134657,4.525
32,95.751239,238.116294,4.995
33,15.114447,255.24916,5.01
34,11.820335,278.23033,5.09
35,2.455947,298.54914,5.21
36,0.653773,374.507611,5.21
37,0.076492,410.946737,5.21
38,0,437.076391,5.135
39,0,459.359078,4.755
40,0,444.387208,4.595
41,0,422.949288,4.49
42,0,420.167223,4.47
43,0,423.855998,4.055
44,0,404.452492,4.005
45,0,388.931856,4.11
46,0,364.368343,4.055
47,0,365.776403,4.055
48,0,346.892322,4.055
1,0,329.339517,4.27
2,0,304.256963,4.055
3,0,275.763174,3.67
4,0,261.316454,3.5
5,0,252.314763,3.47
6,0,257.426853,3.47
7,0,256.477148,3.54
8,0,267.786593,3.67
9,0,280.271843,3.75
10,0,286.801107,3.67
11,0,295.937683,3.75
12,0.31345,302.846362,3.75
13,24.977087,311.640318,3.75
14,179.141285,345.526373,3.75
15,394.478598,340.381417,3.57
16,601.15856,322.642287,3.54
17,792.83574,304.344752,3.515
18,936.61176,295.819095,3.845
19,949.96693,272.437835,4.055
20,1211.64056,249.388245,4.27
21,1279.84652,255.23733,4.355
22,1346.82283,247.30324,4.45
23,1495.45271,264.41347,4.45
24,1500.13179,276.843835,4.45
25,1089.2067,289.78281,4.27
26,1214.79097,291.45453,4.27
27,1215.63702,303.4072,4.485
28,1119.38637,309.05451,4.485
29,982.17217,305.946225,4.485
30,844.86011,308.36486,4.485
31,683.10611,314.080365,4.5
32,488.65619,320.5053,4.585
33,294.397704,321.517475,5.11
34,91.268093,335.780595,5.535
35,14.854491,358.181774,5.535
36,1.654097,403.002855,5.535
37,0.448253,474.416766,5.535
38,0.0399,538.69745,6
39,0,522.011576,5.535
40,0,507.248992,5.535
41,0,493.805343,4.71
42,0,479.281412,4.615
43,0,468.974128,4.565
44,0,462.753833,4.33
45,0,427.608173,4.27
46,0,415.799738,4.11
47,0,400.007932,3.845
48,0,359.895393,3.845
1,0,353.753118,3.75
2,0,314.907708,3.57
3,0,297.256462,3.62
4,0,273.352109,3.52
5,0,269.470348,3.29
6,0,263.141818,3.085
7,0,255.447008,3.305
8,0,268.179432,3.305
9,0,288.095338,3.33
10,0,273.394422,3.57
11,0.029468,286.256573,3.57
12,0.160815,296.036897,3.57
13,1.613479,286.305223,3.24
14,7.967899,279.857348,3.05
15,26.422338,295.747503,3.01
16,72.375625,312.148712,3.015
17,43.543353,338.462818,3.285
18,48.683189,346.489166,3.42
19,47.605668,356.504751,3.62
20,33.439147,341.858151,3.62
21,108.240943,316.885753,3.67
22,241.224594,322.277373,3.52
23,379.75633,301.841644,3.75
24,887.02725,310.284065,3.75
25,505.58992,296.698676,3.815
26,431.67261,317.972615,3.75
27,335.18212,283.017765,3.75
28,434.99548,286.659031,3.75
29,230.558415,274.457431,3.75
30,195.380172,256.16787,4.055
31,116.331498,250.591526,3.94
32,60.442817,256.712412,4.365
33,30.192686,266.012707,4.45
34,14.894519,279.966157,4.485
35,2.144614,295.365495,4.71
36,0.072625,355.557991,5.09
37,0,417.736443,5.18
38,0,446.857728,5.165
39,0,427.959602,4.74
40,0,425.685027,4.64
41,0,426.004862,4.535
42,0,408.008933,4.485
43,0,401.774538,4.485
44,0,398.443068,4.38
45,0,385.397292,4.055
46,0,369.870842,3.845
47,0,339.248823,3.845
48,0,337.384788,3.815
1,0,318.810648,4.145
2,0,304.634973,3.75
3,0,278.949368,3.67
4,0,262.261657,3.625
5,0,248.644213,3.35
6,0,248.539378,3.35
7,0,255.808732,3.63
8,0,267.628093,3.67
9,0,292.023428,3.75
10,0,284.687949,3.75
11,0,286.416409,3.75
12,0,285.215843,3.79
13,0.401397,270.199472,4.27
14,6.49954,303.585527,4.055
15,14.834193,296.800817,4.27
16,129.200969,343.992477,4.27
17,164.56858,358.370183,4.055
18,145.162248,347.290588,4.485
19,112.790198,351.641218,4.485
20,146.545588,345.535346,4.485
21,104.471554,344.937019,4.45
22,138.393718,330.626838,4.485
23,84.106983,343.235583,4.485
24,106.743149,345.516213,4.485
25,89.346128,364.033517,4.11
26,119.159711,346.747088,4.335
27,42.306978,326.582879,4.505
28,21.731024,320.544243,4.74
29,107.259087,321.684923,6.055
30,36.087063,321.155143,6.29
31,40.879714,316.113999,6.305
32,23.142475,309.627407,6.605
33,18.915989,321.948155,6.67
34,66.65889,338.457969,6.67
35,6.000159,350.935049,6.735
36,1.22436,427.418668,6.735
37,0.014378,506.653458,6.48
38,0.059429,520.696812,6.1
39,0,485.598438,5.285
40,0,454.269628,4.995
41,0,445.143288,4.635
42,0,458.480568,4.585
43,0,430.344478,4.49
44,0,406.332778,4.41
45,0,395.593308,4.39
46,0,377.554304,4.325
47,0,363.724593,4.27
48,0,351.931768,4.27
1,0.00538,324.544017,4.04
2,0,299.611858,4.04
3,0,272.892413,4.04
4,0,273.273902,4.04
5,0,276.687353,4.04
6,0,271.206102,4.04
7,0.00538,279.538133,4.04
8,0.00538,286.810467,4.04
9,0,300.196983,4.045
10,0.010759,306.252238,4.145
11,0,303.45707,4.045
12,0.461226,339.692609,4.145
13,2.171278,337.009082,4.255
14,12.00058,387.660874,4.33
15,36.490272,431.472413,4.33
16,120.540621,392.415687,4.5
17,89.090596,354.366102,4.565
18,92.154091,311.184671,4.655
19,229.869361,298.525122,5.5
20,212.61101,285.833135,5.865
21,146.493942,269.688827,4.755
22,338.6234,265.268817,4.755
23,495.52221,262.175726,4.73
24,262.44611,259.133855,4.73
25,458.64064,282.75564,4.455
26,363.1591,270.479098,4.455
27,322.19791,266.582549,5.185
28,304.48392,254.80959,7.355
29,236.327145,249.085549,7.355
30,210.89361,260.619983,7.355
31,167.426642,255.290967,7.355
32,272.256055,254.740842,7.355
33,138.519183,246.998231,7.355
34,28.148883,272.633747,7.355
35,6.475275,303.622267,7.355
36,1.859356,399.574577,7.355
37,0.107095,458.373169,7.355
38,0.024072,488.97846,7.355
39,0,497.918162,7.355
40,0,475.686498,6.235
41,0,459.027149,5.205
42,0,477.055506,4.795
43,0,444.12209,4.655
44,0,439.565538,4.655
45,0,419.290568,5.44
46,0,389.423483,4.87
47,0.010759,361.158162,4.495
48,0,360.760572,4.255
1,0,329.426297,4.255
2,0,306.319933,4.14
3,0,293.48314,3.895
4,0,277.706894,3.885
5,0,267.881927,3.84
